<?xml version="1.0" encoding="UTF-8"?>
<project-private xmlns="http://www.netbeans.org/ns/project-private/1">
    <editor-bookmarks xmlns="http://www.netbeans.org/ns/editor-bookmarks/2" lastBookmarkId="0"/>
    <open-files xmlns="http://www.netbeans.org/ns/projectui-open-files/2">
        <group>
            <file>file:/C:/Users/ACER/Documents/NetBeansProjects/Projek_AkhirTumbal/src/model/User.java</file>
            <file>file:/C:/Users/ACER/Documents/NetBeansProjects/Projek_AkhirTumbal/src/controller/UserController.java</file>
            <file>file:/C:/Users/ACER/Documents/NetBeansProjects/Projek_AkhirTumbal/src/controller/RequestController.java</file>
            <file>file:/C:/Users/ACER/Documents/NetBeansProjects/Projek_AkhirTumbal/src/view/MenuKruLihatData.java</file>
            <file>file:/C:/Users/ACER/Documents/NetBeansProjects/Projek_AkhirTumbal/src/model/Pengguna.java</file>
            <file>file:/C:/Users/ACER/Documents/NetBeansProjects/Projek_AkhirTumbal/src/view/Register.java</file>
            <file>file:/C:/Users/ACER/Documents/NetBeansProjects/Projek_AkhirTumbal/src/view/MenuKruRequestMasuk.java</file>
            <file>file:/C:/Users/ACER/Documents/NetBeansProjects/Projek_AkhirTumbal/src/view/MenuUserTentangKami.java</file>
            <file>file:/C:/Users/ACER/Documents/NetBeansProjects/Projek_AkhirTumbal/src/model/Kru.java</file>
            <file>file:/C:/Users/ACER/Documents/NetBeansProjects/Projek_AkhirTumbal/src/controller/LoginController.java</file>
            <file>file:/C:/Users/ACER/Documents/NetBeansProjects/Projek_AkhirTumbal/src/model/Regis.java</file>
            <file>file:/C:/Users/ACER/Documents/NetBeansProjects/Projek_AkhirTumbal/src/view/MenuUserRequest.java</file>
            <file>file:/C:/Users/ACER/Documents/NetBeansProjects/Projek_AkhirTumbal/src/model/Database.java</file>
            <file>file:/C:/Users/ACER/Documents/NetBeansProjects/Projek_AkhirTumbal/src/view/MenuUserHistory.java</file>
            <file>file:/C:/Users/ACER/Documents/NetBeansProjects/Projek_AkhirTumbal/src/view/Login.java</file>
            <file>file:/C:/Users/ACER/Documents/NetBeansProjects/Projek_AkhirTumbal/src/model/CurrentUser.java</file>
        </group>
    </open-files>
</project-private>
